Game of Thrones,944947
The Big Bang Theory,898266
The Walking Dead,1520211
Arrow,2193021
Suits,1632701
The Flash,3107288
Homeland,1796960
The Blacklist,2741602
Marvel's Agents of S.H.I.E.L.D.,2364582
Modern Family,1442437
The Vampire Diaries,1405406
Gotham,3749900
Sherlock,1475582
House of Cards,1856010
True Detective,2356777
Orange is the New Black,2372162
Supernatural,460681
Vikings,2306299
Grey's Anatomy,413573
New Girl,1826940
Under the Dome,1553656
Once Upon a Time,1843230
Person of Interest,1839578
Better Call Saul,3032476
The 100,2661044
Castle,1219024
Elementary,2191671
The Originals,2632424
Family Guy,182576
Pretty Little Liars,1578873
Hannibal,2243973
Falling Skies,1462059
Grimm,1830617
How To Get Away With Murder,3205802
American Horror Story,1844624
South Park,121955
Brooklyn Nine-Nine,2467372
Bones,460627
Scandal,1837576
Marvel's Agent Carter,3475734
Daredevil,3322312
Continuum,1954347
2 Broke Girls,1845307
Orphan Black,2234222
Sleepy Hollow,2647544
Silicon Valley,2575988
Criminal Minds,452046
Fargo,2802850
Penny Dreadful,2628232
Breaking Bad,903747
Firefly,303461
How I Met Your Mother,460649
Freaks and Geeks,193676
American Dad,397306
Futurama,149460
The Wire,306414
Web Therapy,1930123
Joey,375355
Episodes,1582350
Cougar Town,1441109
Mr. Sunshine,1583638
House M.D.,412142
Spartacus: War of the Damned,1442449
24,285331
