Game of Thrones,0944947
The Big Bang Theory,0898266
The Walking Dead,1520211
Arrow,2193021
Suits,1632701
The Flash,3107288
Homeland,1796960
The Blacklist,2741602
Marvel's Agents of S.H.I.E.L.D.,2364582
Modern Family,1442437
The Vampire Diaries,1405406
Gotham,3749900
Sherlock,1475582
House of Cards,1856010
True Detective,2356777
Orange is the New Black,2372162
Supernatural,0460681
Vikings,2306299
Grey's Anatomy,0413573
New Girl,1826940
Under the Dome,1553656
Once Upon a Time,1843230
Person of Interest,1839578
Better Call Saul,3032476
The 100,2661044
Castle,1219024
Elementary,2191671
The Originals,2632424
Family Guy,0182576
Pretty Little Liars,1578873
Hannibal,2243973
Falling Skies,1462059
Grimm,1830617
How To Get Away With Murder,3205802
American Horror Story,1844624
South Park,0121955
Brooklyn Nine-Nine,2467372
Bones,0460627
Scandal,1837576
Marvel's Agent Carter,3475734
Daredevil,3322312
Continuum,1954347
2 Broke Girls,1845307
Orphan Black,2234222
Sleepy Hollow,2647544
Silicon Valley,2575988
Criminal Minds,0452046
The Simpsons,0096697
Fargo,2802850
Penny Dreadful,2628232
Breaking Bad,0903747
Firefly,0303461
Mr. Robot,4158110
How I Met Your Mother,0460649
Friends,0108778
Dexter,0773262
Two and a Half Men,0369179
Seinfeld,0098904
Scrubs,0285403
30 Rock,0496424
Freaks and Geeks,0193676
The Sopranos,0141842
American Dad,0397306
Futurama,0149460
The Cleveland Show,1195935
Malcolm in the Middle,0212671
My Name Is Earl,0460091
Hawaii Five-0,1600194
NCIS: Los Angeles,1378167
NCIS: New Orleans,3560084
NCIS,0364845
CSI: NY,0395843
Castle,1219024
The Mentalist,1196946
Lie to Me,1235099
Chuck,0934814
Fringe,1119644
Numb3rs,0433309
Burn Notice,0810788
The Wire,0306414
Rick and Morty,2861424
Doctor Who,0436992
Downton Abbey,1606375
Sons of Anarchy,1124373
Prison Break,0455275
Lost,0411008
Web Therapy,1930123
Joey,0375355
Episodes,1582350
Cougar Town,1441109
Mr. Sunshine,1583638
House M.D.,0412142
Spartacus: War of the Damned,1442449
24,0285331
