Game of Thrones,944947,DONE
The Big Bang Theory,898266,DONE
The Walking Dead,1520211,DONE
Arrow,2193021,DONE
Suits,1632701,DONE
The Flash,3107288,DONE
Homeland,1796960,DONE
The Blacklist,2741602,DONE
Marvel's Agents of S.H.I.E.L.D.,2364582,DONE
Modern Family,1442437,DONE
The Vampire Diaries,1405406,DONE
Gotham,3749900,DONE
Sherlock,1475582,DONE
House of Cards,1856010,DONE
True Detective,2356777,DONE
Orange is the New Black,2372162,DONE
Supernatural,460681,DONE
Vikings,2306299,DONE
Grey's Anatomy,413573,DONE
New Girl,1826940,DONE
Under the Dome,1553656,DONE
Once Upon a Time,1843230,DONE
Person of Interest,1839578,DONE
Better Call Saul,3032476,DONE
The 100,2661044,DONE
Castle,1219024,DONE
Elementary,2191671,DONE
The Originals,2632424,DONE
Family Guy,182576,DONE
Pretty Little Liars,1578873,DONE
Hannibal,2243973,DONE
Falling Skies,1462059,DONE
Grimm,1830617,DONE
How To Get Away With Murder,3205802,DONE
American Horror Story,1844624,DONE
South Park,121955,DONE
Brooklyn Nine-Nine,2467372,DONE
Bones,460627,DONE
Scandal,1837576,DONE
Marvel's Agent Carter,3475734,DONE
Daredevil,3322312,DONE
Continuum,1954347,DONE
2 Broke Girls,1845307,DONE
Orphan Black,2234222,DONE
Sleepy Hollow,2647544,DONE
Silicon Valley,2575988,DONE
Criminal Minds,452046,DONE
Fargo,2802850,DONE
Penny Dreadful,2628232,DONE
Breaking Bad,903747,DONE
Firefly,303461,DONE
How I Met Your Mother,460649,
Friends,108778,
Dexter,773262,
Two and a Half Men,369179,
Seinfeld,98904,
Scrubs,285403,
30 Rock,496424,
Freaks and Geeks,193676,
The Sopranos,141842,
American Dad,397306,
Futurama,149460,
The Cleveland Show,1195935,
Malcolm in the Middle,212671,
My Name Is Earl,460091,
Hawaii Five-0,1600194,
NCIS: New Orleans,3560084,
NCIS,364845,
CSI: NY,395843,
Castle,1219024,
The Mentalist,1196946,
Lie to Me,1235099,
Chuck,934814,
Fringe,1119644,
Numb3rs,433309,
Burn Notice,810788,
The Wire,306414,
Rick and Morty,2861424,
Doctor Who,436992,
Downton Abbey,1606375,
Sons of Anarchy,1124373,
Prison Break,455275,
Lost,411008,
Web Therapy,1930123,DONE
Joey,375355,DONE
Episodes,1582350,DONE
Cougar Town,1441109,DONE
Mr. Sunshine,1583638,DONE
House M.D.,412142,DONE
Spartacus: War of the Damned,1442449,DONE
24,285331,DONE
